网站,品牌,产品名称,规格,原价货币,原价金额,人民币税前,人民币税后,解析雪茄支数,单支人民币税后,链接
Cigar VIU,Romeo y Julieta,Romeo y Julieta Amantes Gift Box,默认,CHF,372.00,3227.36,4841.04,,,https://cigarviu.com/products/romeo-y-julieta-amantes-gift-box
Cigar VIU,Cohiba,Cohiba Siglo 2,Box of 5,CHF,203.00,1761.17,2641.76,5,528.35,https://cigarviu.com/products/cohiba-siglo-2-slb-25
Cigar VIU,Cohiba,Cohiba Siglo 2,Tubos / Box of 3,CHF,132.00,1145.19,1717.78,3,572.59,https://cigarviu.com/products/cohiba-siglo-2-slb-25
Cigar VIU,Cohiba,Cohiba Short Humidor Year of the Horse,默认,CHF,230.00,1995.41,2993.12,,,https://cigarviu.com/products/cohiba-short-humidor-year-of-the-horse
Cigar VIU,Trinidad,Trinidad Wide Short,Box of 6,CHF,22.20,192.60,288.90,6,48.15,https://cigarviu.com/products/trinidad-wide-short
Cigar VIU,Bolivar,Bolivar Royal Coronas A/T,Box of 10,CHF,231.00,2004.09,3006.14,10,300.61,https://cigarviu.com/products/bolivar-royal-coronas-a-t-10
Cigar VIU,Partagas,Partagas Serie D No. 4 A/T,Box of 3,CHF,88.20,765.20,1147.80,3,382.60,https://cigarviu.com/products/partagas-serie-d-no-4-a-t-3
Cigar VIU,Punch,Les Fines Lames Adjustable Punch Bracelet Oscuro Ring I,默认,CHF,98.00,850.22,1275.33,,,https://cigarviu.com/products/les-fines-lames-adjustable-punch-bracelet-oscuro-ring-i
Cigar VIU,Oliva,Oliva Serie V  Mini 20,默认,CHF,19.00,164.84,247.26,,,https://cigarviu.com/products/oliva-serie-v-mini-20
Cigar VIU,Romeo y Julieta,Romeo Y Julieta Exhibicion No.4,Box of 25,CHF,542.50,4706.57,7059.86,25,282.39,https://cigarviu.com/products/romeo-exhibicion-no-4
Cigar VIU,Montecristo,Montecristo Petit Tubos,Box of 25,CHF,507.50,4402.92,6604.38,25,264.18,https://cigarviu.com/products/montecristo-petit-tubos
Cigar VIU,Montecristo,Montecristo Petit Tubos,Box of 5,CHF,101.50,880.58,1320.87,5,264.17,https://cigarviu.com/products/montecristo-petit-tubos
Cigar VIU,Romeo y Julieta,Romeo Y Julieta Petit Royales,Box of 25,CHF,357.50,3101.56,4652.34,25,186.09,https://cigarviu.com/products/romeo-petit-royales
Cigar VIU,Romeo y Julieta,Romeo Y Julieta Petit Royales,A/T Box of 3,CHF,50.40,437.26,655.89,3,218.63,https://cigarviu.com/products/romeo-petit-royales
Cigar VIU,Partagas,Partagas Lusitanias,Box of 10,CHF,500.00,4337.85,6506.78,10,650.68,https://cigarviu.com/products/partagas-lusitanias-25
Cigar VIU,Romeo y Julieta,Romeo Y Julieta Petit Julietas,Box of 25,CHF,217.50,1886.96,2830.44,25,113.22,https://cigarviu.com/products/romeo-y-julieta-petit-julietas-25
Cigar VIU,Montecristo,Montecristo No. 1,Box of 25,CHF,605.00,5248.80,7873.20,25,314.93,https://cigarviu.com/products/montecristo-no-1-25
Cigar VIU,Romeo y Julieta,Romeo Y Julieta Petit Churchill,Box of 25,CHF,497.50,4316.16,6474.24,25,258.97,https://cigarviu.com/products/romeo-y-julieta-petit-churchill
Cigar VIU,Romeo y Julieta,Romeo Y Julieta Petit Churchill,A/T Box of 3,CHF,70.20,609.03,913.54,3,304.51,https://cigarviu.com/products/romeo-y-julieta-petit-churchill
Cigar VIU,Partagas,Partagas Mille Fleurs,Box of 25,CHF,257.50,2233.99,3350.98,25,134.04,https://cigarviu.com/products/partagas-mille-fleurs-25
Cigar VIU,Partagas,Partagas Mille Fleurs,Box of 10,CHF,103.00,893.60,1340.40,10,134.04,https://cigarviu.com/products/partagas-mille-fleurs-25
Cigar VIU,Hoyo de Monterrey,Hoyo de Monterrey Epicure Especial,Box of 10,CHF,263.00,2281.71,3422.56,10,342.26,https://cigarviu.com/products/hoyo-de-monterrey-epicure-especial-slb
Cigar VIU,Hoyo de Monterrey,Hoyo de Monterrey Epicure Especial,AT Box of 3,CHF,89.70,778.21,1167.32,3,389.11,https://cigarviu.com/products/hoyo-de-monterrey-epicure-especial-slb
Cigar VIU,Partagas,Partagas Aristocrats,Box of 25,CHF,225.00,1952.03,2928.04,25,117.12,https://cigarviu.com/products/partagas-aristocrats
Cigar VIU,Hoyo de Monterrey,Hoyo de Monterrey Le Hoyo de Rio Seco,Box of 10,CHF,294.00,2550.66,3825.99,10,382.60,https://cigarviu.com/products/le-hoyo-de-rio-seco-slb
Cigar VIU,Hoyo de Monterrey,Hoyo de Monterrey Le Hoyo de Rio Seco,Tubos / Box of 3,CHF,98.10,851.09,1276.64,3,425.55,https://cigarviu.com/products/le-hoyo-de-rio-seco-slb
Cigar VIU,Hoyo de Monterrey,Hoyo de Monterrey Flor Extrafina Petit Robustos,Box of 25,CHF,505.00,4381.23,6571.84,25,262.87,https://cigarviu.com/products/hoyo-de-m-petit-robusto-3
Cigar VIU,Hoyo de Monterrey,Hoyo de Monterrey Flor Extrafina Petit Robustos,Box of 3,CHF,60.60,525.75,788.62,3,262.87,https://cigarviu.com/products/hoyo-de-m-petit-robusto-3
Cigar VIU,Partagas,Partagas Serie E No. 2,Box of 25,CHF,725.00,6289.88,9434.82,25,377.39,https://cigarviu.com/products/partagas-serie-e-no-2-sbn
Cigar VIU,Montecristo,Montecristo Double Edmundo,Box of 10,CHF,332.00,2880.33,4320.50,10,432.05,https://cigarviu.com/products/montecristo-double-edmundo-10
Cigar VIU,Montecristo,Montecristo Double Edmundo,Box of 3,CHF,99.60,864.10,1296.15,3,432.05,https://cigarviu.com/products/montecristo-double-edmundo-10
Cigar VIU,Hoyo de Monterrey,Hoyo de Monterrey Monterreyes No. 4 Limited Edition 2021,Box of 10,CHF,850.00,7374.34,11061.51,10,1106.15,https://cigarviu.com/products/hoyo-de-m-monterreyes-no-4-10
Cigar VIU,Montecristo,Montecristo Open Regata,Box of 20,CHF,400.00,3470.28,5205.42,20,260.27,https://cigarviu.com/products/montecristo-open-regata-20
Cigar VIU,Punch,Punch Short de Punch,Box of 10,CHF,183.00,1587.65,2381.48,10,238.15,https://cigarviu.com/products/punch-short-de-punch-10
Cigar VIU,Montecristo,Montecristo Open Junior,Box of 20,CHF,298.00,2585.36,3878.04,20,193.90,https://cigarviu.com/products/montecristo-open-junior-20
Cigar VIU,Montecristo,Montecristo Open Junior,Tubos/ Box of 3,CHF,54.60,473.69,710.54,3,236.85,https://cigarviu.com/products/montecristo-open-junior-20
Cigar VIU,Cohiba,Cohiba Medio Siglo,Tubos / Box of 3,CHF,221.70,1923.40,2885.10,3,961.70,https://cigarviu.com/products/cohiba-medio-siglo-slb-25
Cigar VIU,Cohiba,Cohiba Wide Short,默认,CHF,23.40,203.01,304.52,,,https://cigarviu.com/products/cohiba-wide-short-single-pieces
Cigar VIU,Punch,Siglo Punch Cutter Gun Metal,默认,CHF,39.00,338.35,507.52,,,https://cigarviu.com/products/punch-cutter-en-meta
Cigar VIU,Punch,Siglo Punch Cutter Silver,默认,CHF,39.00,338.35,507.52,,,https://cigarviu.com/products/punch-cutter-argent
Cigar VIU,Trinidad,Trinidad Short,默认,CHF,18.50,160.50,240.75,,,https://cigarviu.com/products/copy-of-trinidad-short-10x10
Cigar VIU,Partagas,Partagas Serie Puritos,默认,CHF,8.20,71.14,106.71,,,https://cigarviu.com/products/copy-of-partagas-serie-puritos-10x5
Cigar VIU,Partagas,Partagas Serie Club,默认,CHF,19.00,164.84,247.26,,,https://cigarviu.com/products/copy-of-partagas-serie-club-5x20
Cigar VIU,Partagas,Partagas Mini,默认,CHF,15.00,130.14,195.21,,,https://cigarviu.com/products/copy-of-partagas-mini-5x20
Cigar VIU,Partagas,Partagas Club,默认,CHF,18.50,160.50,240.75,,,https://cigarviu.com/products/copy-of-partagas-club-5x20
Cigar VIU,Romeo y Julieta,Romeo Y Julieta Club,默认,CHF,17.90,155.30,232.95,,,https://cigarviu.com/products/copy-of-romeo-y-julieta-club-5x20
Cigar VIU,Montecristo,Montecristo Short,默认,CHF,15.30,132.74,199.11,,,https://cigarviu.com/products/copy-of-montecristo-short-10x10
Cigar VIU,Montecristo,Montecristo Puritos,默认,CHF,9.40,81.55,122.32,,,https://cigarviu.com/products/copy-of-montecristo-puritos-cello-10x5
Cigar VIU,Montecristo,Montecristo Open Club,默认,CHF,20.50,177.85,266.78,,,https://cigarviu.com/products/copy-of-montecristo-open-club-5x20
Cigar VIU,Cohiba,Cohiba Mini White,默认,CHF,20.80,180.45,270.68,,,https://cigarviu.com/products/copy-of-cohiba-mini-white-5x20
Cigar VIU,Cohiba,Cohiba Mini,默认,CHF,20.80,180.45,270.68,,,https://cigarviu.com/products/copy-of-cohiba-mini-5x20
Cigar VIU,Cohiba,Cohiba Club,默认,CHF,26.50,229.91,344.86,,,https://cigarviu.com/products/copy-of-cohiba-club-5x20
Cigar VIU,Cohiba,Cohiba Club White,默认,CHF,26.50,229.91,344.86,,,https://cigarviu.com/products/copy-of-cohiba-club-white-5x20
Cigar VIU,Montecristo,Montecristo Puritos,默认,CHF,47.00,407.76,611.64,,,https://cigarviu.com/products/montecristo-puritos-cello-25
Cigar VIU,Montecristo,Montecristo Wide Edmundo,Box of 10,CHF,297.00,2576.68,3865.02,10,386.50,https://cigarviu.com/products/montecristo-wide-edmundo-sbn-10
Cigar VIU,Punch,Punch Punch,Box of 25,CHF,560.00,4858.39,7287.58,25,291.50,https://cigarviu.com/products/punch-punch-25
Cigar VIU,Montecristo,Montecristo Petit Edmundo,Box of 25,CHF,630.00,5465.69,8198.54,25,327.94,https://cigarviu.com/products/montecristo-petit-edmundo-sbn-25
Cigar VIU,Montecristo,Montecristo Petit Edmundo,Box of 10,CHF,252.00,2186.28,3279.42,10,327.94,https://cigarviu.com/products/montecristo-petit-edmundo-sbn-25
Cigar VIU,Montecristo,Montecristo Petit Edmundo,Tubos / Box of 3,CHF,91.20,791.22,1186.83,3,395.61,https://cigarviu.com/products/montecristo-petit-edmundo-sbn-25
Cigar VIU,Cohiba,Cohiba Siglo 3,Box of 5,CHF,287.50,2494.26,3741.39,5,748.28,https://cigarviu.com/products/cohiba-siglo-3-5
Cigar VIU,Trinidad,Trinidad Topes,Box of 12,CHF,804.00,6975.26,10462.89,12,871.91,https://cigarviu.com/products/trinidad-topes-sbn-12
Cigar VIU,Trinidad,Trinidad Media Luna,Box of 12,CHF,562.80,4882.68,7324.02,12,610.34,https://cigarviu.com/products/trinidad-media-luna-sbn-12
Cigar VIU,Romeo y Julieta,Romeo Y Julieta Wide Churchill,Box of 25,CHF,680.00,5899.48,8849.22,25,353.97,https://cigarviu.com/products/romeo-wide-churchills-25
Cigar VIU,Romeo y Julieta,Romeo Y Julieta Churchill,Tubos / Box of 3,CHF,128.40,1113.96,1670.94,3,556.98,https://cigarviu.com/products/romeo-churchill-25
Cigar VIU,Partagas,Partagas Serie D No. 5,Box of 25,CHF,562.50,4880.08,7320.12,25,292.80,https://cigarviu.com/products/partagas-serie-d-no-5-25
Cigar VIU,Partagas,Partagas Serie D No. 5,Box of 3 A/T,CHF,77.70,674.10,1011.15,3,337.05,https://cigarviu.com/products/partagas-serie-d-no-5-25
Cigar VIU,Montecristo,Montecristo Edmundo,Box of 25,CHF,727.50,6311.57,9467.36,25,378.69,https://cigarviu.com/products/montecristo-edmundo-sbn-25
Cigar VIU,Montecristo,Montecristo Edmundo,Box of 3,CHF,87.30,757.39,1136.08,3,378.69,https://cigarviu.com/products/montecristo-edmundo-sbn-25
Cigar VIU,Montecristo,Montecristo Edmundo,Box of 3 / Tubos,CHF,100.20,869.31,1303.96,3,434.65,https://cigarviu.com/products/montecristo-edmundo-sbn-25
Cigar VIU,Montecristo,Montecristo Petit No. 2,Box of 25,CHF,580.00,5031.91,7547.86,25,301.91,https://cigarviu.com/products/montecristo-petit-no-2-25
Cigar VIU,Montecristo,Montecristo Petit No. 2,Box of 10,CHF,232.00,2012.76,3019.14,10,301.91,https://cigarviu.com/products/montecristo-petit-no-2-25
Cigar VIU,Montecristo,Montecristo Petit No. 2,A/T [3],CHF,80.40,697.53,1046.30,3,348.77,https://cigarviu.com/products/montecristo-petit-no-2-25
Cigar VIU,Montecristo,Montecristo No. 2,Box of 25,CHF,757.50,6571.84,9857.76,25,394.31,https://cigarviu.com/products/montecristo-no-2-25
Cigar VIU,Montecristo,Montecristo No. 2,Box of 10,CHF,303.00,2628.74,3943.11,10,394.31,https://cigarviu.com/products/montecristo-no-2-25
Cigar VIU,Montecristo,Montecristo No. 2,Box of 3,CHF,90.90,788.62,1182.93,3,394.31,https://cigarviu.com/products/montecristo-no-2-25
Cigar VIU,Montecristo,Montecristo Medias Coronas,Box of 25,CHF,275.00,2385.82,3578.73,25,143.15,https://cigarviu.com/products/montecristo-medias-coronas-25
Cigar VIU,Montecristo,Montecristo Especial No. 2,Box of 25,CHF,577.50,5010.22,7515.33,25,300.61,https://cigarviu.com/products/montecristo-especial-no-2-sbn-25
Cigar VIU,Hoyo de Monterrey,Hoyo de Monterrey Le Hoyo de San Juan,Box of 10,CHF,291.00,2524.63,3786.94,10,378.69,https://cigarviu.com/products/le-hoyo-de-san-juan-slb-25
Cigar VIU,Hoyo de Monterrey,Hoyo de Monterrey Le Hoyo de San Juan,Box of 3 A/T,CHF,99.00,858.89,1288.34,3,429.45,https://cigarviu.com/products/le-hoyo-de-san-juan-slb-25
Cigar VIU,Hoyo de Monterrey,Hoyo de Monterrey Epicure No. 2,Box of 25,CHF,590.00,5118.66,7677.99,25,307.12,https://cigarviu.com/products/hoyo-de-m-epicure-no-2-slb-25
Cigar VIU,Hoyo de Monterrey,Hoyo de Monterrey Epicure No. 2,Box of 3,CHF,70.80,614.24,921.36,3,307.12,https://cigarviu.com/products/hoyo-de-m-epicure-no-2-slb-25
Cigar VIU,Hoyo de Monterrey,Hoyo de Monterrey Epicure No. 1,Box of 25,CHF,625.00,5422.31,8133.46,25,325.34,https://cigarviu.com/products/hoyo-de-m-epicure-no-1-slb-25
Cigar VIU,Cohiba,Cohiba Panetelas,Box of 5,CHF,162.00,1405.46,2108.19,5,421.64,https://cigarviu.com/products/cohiba-panetelas-bn-25
Cigar VIU,Romeo y Julieta,Romeo Y Julieta Short Churchill,Box of 25,CHF,637.50,5530.76,8296.14,25,331.85,https://cigarviu.com/products/romeo-short-churchill-a-t-3
Cigar VIU,Romeo y Julieta,Romeo Y Julieta Short Churchill,Tubos / Box of 3,CHF,90.90,788.62,1182.93,3,394.31,https://cigarviu.com/products/romeo-short-churchill-a-t-3
Cigar VIU,Montecristo,Montecristo No. 3,Box of 25,CHF,560.00,4858.39,7287.58,25,291.50,https://cigarviu.com/products/montecristo-no-3-5
Cigar VIU,Montecristo,Montecristo No. 3,Box of 5,CHF,112.00,971.68,1457.52,5,291.50,https://cigarviu.com/products/montecristo-no-3-5
Cigar VIU,Cohiba,Cohiba Siglo 4,Box of 5,CHF,319.00,2767.55,4151.32,5,830.26,https://cigarviu.com/products/cohiba-siglo-4-5
Cigar VIU,Cohiba,Cohiba Siglo 4,Tubos / Box of 3,CHF,200.10,1736.01,2604.02,3,868.01,https://cigarviu.com/products/cohiba-siglo-4-5
Cigar VIU,Romeo y Julieta,Romeo Y Julieta Regalias De Londres,Box of 25,CHF,220.00,1908.65,2862.98,25,114.52,https://cigarviu.com/products/romeo-regalias-de-londres-25
Cigar VIU,Romeo y Julieta,Romeo Y Julieta No. 2,Tubos / Box of 10,CHF,121.00,1049.76,1574.64,10,157.46,https://cigarviu.com/products/romeo-no-2-a-t-10
Cigar VIU,Romeo y Julieta,Romeo Y Julieta No. 2,Tubos / Box of 5,CHF,60.50,524.88,787.32,5,157.46,https://cigarviu.com/products/romeo-no-2-a-t-10
Cigar VIU,Romeo y Julieta,Romeo Y Julieta No. 2,Tubos / Box of 3,CHF,36.30,314.93,472.40,3,157.47,https://cigarviu.com/products/romeo-no-2-a-t-10
Cigar VIU,Partagas,Partagas Serie P No. 2,Box of 25,CHF,765.00,6636.91,9955.36,25,398.21,https://cigarviu.com/products/partagas-serie-p-no-2-sbn-10
Cigar VIU,Partagas,Partagas Serie P No. 2,Box of 10,CHF,306.00,2654.76,3982.14,10,398.21,https://cigarviu.com/products/partagas-serie-p-no-2-sbn-10
Cigar VIU,Partagas,Partagas Serie P No. 2,Tubos / Box of 3,CHF,100.20,869.31,1303.96,3,434.65,https://cigarviu.com/products/partagas-serie-p-no-2-sbn-10
Cigar VIU,Partagas,Partagas Serie D No. 4,Box of 25,CHF,652.50,5660.89,8491.34,25,339.65,https://cigarviu.com/products/partagas-serie-d-no-4-sbn-10
Cigar VIU,Montecristo,Montecristo No. 5,Box of 25,CHF,325.00,2819.60,4229.40,25,169.18,https://cigarviu.com/products/montecristo-no-5-25
Cigar VIU,Montecristo,Montecristo No. 5,Box of 10,CHF,130.00,1127.84,1691.76,10,169.18,https://cigarviu.com/products/montecristo-no-5-25
Cigar VIU,Montecristo,Montecristo No. 5,Box of 5,CHF,65.00,563.92,845.88,5,169.18,https://cigarviu.com/products/montecristo-no-5-25
Cigar VIU,Montecristo,Montecristo No. 4,Box of 25,CHF,420.00,3643.79,5465.68,25,218.63,https://cigarviu.com/products/montecristo-no-4-3
Cigar VIU,Montecristo,Montecristo No. 4,Box of 10,CHF,168.00,1457.52,2186.28,10,218.63,https://cigarviu.com/products/montecristo-no-4-3
Cigar VIU,Montecristo,Montecristo No. 4,Box of 5,CHF,84.00,728.76,1093.14,5,218.63,https://cigarviu.com/products/montecristo-no-4-3
Cigar VIU,Trinidad,Trinidad Vigia,Box of 12,CHF,648.00,5621.85,8432.78,12,702.73,https://cigarviu.com/products/trinidad-vigia
Cigar VIU,Trinidad,Trinidad Vigia,Box of 3 A/T,CHF,172.80,1499.16,2248.74,3,749.58,https://cigarviu.com/products/trinidad-vigia
Cigar VIU,Trinidad,Trinidad Reyes,Box of 12,CHF,412.80,3581.33,5372.00,12,447.67,https://cigarviu.com/products/trinidad-reyes
Cigar VIU,Romeo y Julieta,Romeo Y Julieta Mille Fleurs,Box of 25,CHF,257.50,2233.99,3350.98,25,134.04,https://cigarviu.com/products/romeo-y-julieta-mille-fleurs
Cigar VIU,Romeo y Julieta,Romeo Y Julieta Mille Fleurs,Box of 10,CHF,103.00,893.60,1340.40,10,134.04,https://cigarviu.com/products/romeo-y-julieta-mille-fleurs
Cigar VIU,Romeo y Julieta,Romeo Y Julieta Cazadores,Box of 25,CHF,430.00,3730.55,5595.82,25,223.83,https://cigarviu.com/products/romeo-y-julieta-cazadores
Cigar VIU,Romeo y Julieta,Romeo Y Julieta Belicosos,Box of 25,CHF,652.50,5660.89,8491.34,25,339.65,https://cigarviu.com/products/romeo-y-julieta-belicosos
Cigar VIU,Romeo y Julieta,Romeo Y Julieta No. 3,Tubos / Box of 25,CHF,277.50,2407.51,3611.26,25,144.45,https://cigarviu.com/products/romeo-no-3
Cigar VIU,Romeo y Julieta,Romeo Y Julieta No. 3,Tubos / Box of 10,CHF,111.00,963.00,1444.50,10,144.45,https://cigarviu.com/products/romeo-no-3
Cigar VIU,Romeo y Julieta,Romeo Y Julieta No. 3,Tubos / Box of 3,CHF,33.30,288.90,433.35,3,144.45,https://cigarviu.com/products/romeo-no-3
Cigar VIU,Romeo y Julieta,Romeo Y Julieta No. 1,Box of 25 / Tubos,CHF,382.50,3318.46,4977.69,25,199.11,https://cigarviu.com/products/romeo-no-1
Cigar VIU,Romeo y Julieta,Romeo Y Julieta No. 1,Box of 10 / Tubos,CHF,153.00,1327.38,1991.07,10,199.11,https://cigarviu.com/products/romeo-no-1
Cigar VIU,Romeo y Julieta,Romeo Y Julieta No. 1,Box of 3/ Tubos,CHF,45.90,398.21,597.32,3,199.11,https://cigarviu.com/products/romeo-no-1
Cigar VIU,Partagas,Partagas Serie D No. 6,Box of 20,CHF,350.00,3036.50,4554.75,20,227.74,https://cigarviu.com/products/partagas-serie-d-no-6
Cigar VIU,Partagas,Partagas Serie D No. 6,Box of 5,CHF,87.50,759.12,1138.68,5,227.74,https://cigarviu.com/products/partagas-serie-d-no-6
Cigar VIU,Partagas,Partagas Super Partagas,Box of 25,CHF,250.00,2168.92,3253.38,25,130.14,https://cigarviu.com/products/partagas-super-partagas
Cigar VIU,Montecristo,Montecristo Open Master,Box of 20,CHF,476.00,4129.63,6194.44,20,309.72,https://cigarviu.com/products/montecristo-open-master
Cigar VIU,Montecristo,Montecristo Joyitas,Box of 25,CHF,315.00,2732.85,4099.28,25,163.97,https://cigarviu.com/products/montecristo-joyitas-sbn
Cigar VIU,Cohiba,Cohiba Robustos,Box of 3,CHF,244.80,2123.81,3185.72,3,1061.91,https://cigarviu.com/products/cohiba-robustos
Cigar VIU,Cohiba,Cohiba Robustos,Tubos / Box of 3,CHF,257.10,2230.52,3345.78,3,1115.26,https://cigarviu.com/products/cohiba-robustos
Cigar VIU,Cohiba,Cohiba Piramides Extra,Tubos / Box of 3,CHF,411.30,3568.32,5352.48,3,1784.16,https://cigarviu.com/products/cohiba-piramides-extra
Cigar VIU,Cohiba,Cohiba Siglo 1,Box of 25,CHF,872.50,7569.55,11354.32,25,454.17,https://cigarviu.com/products/cohiba-siglo-1
Cigar VIU,Punch,Faro Cigar Punch,Silver,CHF,29.00,251.60,377.40,,,https://cigarviu.com/products/punch
Cigar VIU,Punch,Faro Cigar Punch,Gold,CHF,29.00,251.60,377.40,,,https://cigarviu.com/products/punch
Cigar VIU,Punch,S.T. Dupont Punch Black Lacquer,默认,CHF,112.00,971.68,1457.52,,,https://cigarviu.com/products/s-t-dupont-punch-black-lacquer
Cigar VIU,Punch,S.T. Dupont Punch Blue,默认,CHF,126.00,1093.14,1639.71,,,https://cigarviu.com/products/s-t-dupont-puncher-fluo-blue
Cigar VIU,Plasencia,Plasencia Alma del Fuego 3 Pack Sampler,默认,CHF,54.00,468.49,702.74,,,https://cigarviu.com/products/plasencia-alma-del-fuego-3-pack-sampler-3
Cigar VIU,Punch,Les Fines Lames Punch Bracelet Verde Cobre Skull,默认,CHF,120.50,1045.42,1568.13,,,https://cigarviu.com/products/les-fines-lames-punch-bracelet-verde-cobre-skull
Cigar VIU,Punch,Les Fines Lames Punch Bracelet Mercurio Ring II,默认,CHF,120.50,1045.42,1568.13,,,https://cigarviu.com/products/les-fines-lames-punch-bracelet-mercurio-ring-ii
Cigar VIU,Punch,Les Fines Lames Punch Bracelet Azul Ring,默认,CHF,98.00,850.22,1275.33,,,https://cigarviu.com/products/les-fines-lames-punch-bracelet-azul-ring
Cigar VIU,Punch,Les Fines Lames Punch Bracelet Onyx Matte,默认,CHF,78.00,676.70,1015.05,,,https://cigarviu.com/products/les-fines-lames-punch-bracelet-solo-gold-onyx-matte
Cigar VIU,Macanudo,Macanudo Maduro Hyde Park,Box of 10,CHF,114.00,989.03,1483.54,10,148.35,https://cigarviu.com/products/macanudo-md-hyde-partagask-ch-10s
Cigar VIU,Macanudo,Macanudo Cafe Hyde Park,Box of 10,CHF,113.00,980.35,1470.52,10,147.05,https://cigarviu.com/products/macanudo-ct-hyde-partagask-ch-10s
Cigar VIU,Oliva,Oliva Serie V Melanio Robusto,Box of 10,CHF,145.00,1257.98,1886.97,10,188.70,https://cigarviu.com/products/oliva-serie-v-melanio-robusto-10
Cigar VIU,Oliva,Oliva Serie V Melanio Figurado,Box of 10,CHF,210.00,1821.90,2732.85,10,273.28,https://cigarviu.com/products/oliva-serie-v-melanio-figurado-10
Cigar VIU,Oliva,Oliva Serie V Lanceros,Box of 24,CHF,252.00,2186.28,3279.42,24,136.64,https://cigarviu.com/products/oliva-serie-v-lanceros-7x38-24
Cigar VIU,Oliva,Oliva Connecticut Reserve Robusto,Box of 20,CHF,170.00,1474.87,2212.30,20,110.62,https://cigarviu.com/products/oliva-conn-reserve-robusto-5x50-20
Cigar VIU,Punch,PerfecPunch & Stand,默认,CHF,72.00,624.65,936.98,,,https://cigarviu.com/products/perfecpunch-stand
Siglo Mundo,Quai d'Orsay,QUAI D'ORSAY No.52 10pcs + MONTECRISTO DOUBLE EDMUNDO 10pcs,Combo of 2,CHF,534.00,4632.82,6949.23,,,https://siglomundo.ch/products/quai-dorsay-no-52-10pcs-montecristo-double-edmundo-10pcs
Siglo Mundo,cuban,Exhibicion No. 3 - Vintage cigars,Single Cigar,CHF,25.00,216.89,325.34,,,https://siglomundo.ch/products/exhibicion-no-3-vintage-cigars
Siglo Mundo,BF,Coronitas in Cedros,Single Cigar,CHF,13.00,112.78,169.17,,,https://siglomundo.ch/products/coronitas-in-cedros-ato-oct11
Siglo Mundo,Romeo y Julieta,Amantes,Gift Box of 5,CHF,372.00,3227.36,4841.04,5,968.21,https://siglomundo.ch/products/amantes
Siglo Mundo,Romeo y Julieta,Short Churchill Reserva 2019,Gift Box of 3,CHF,534.00,4632.82,6949.23,3,2316.41,https://siglomundo.ch/products/short-churchill-reserva
Siglo Mundo,cuban,EPICURE No. 2,SLB of 25,CHF,590.00,5118.66,7677.99,,,https://siglomundo.ch/products/epicure-no-2
Siglo Mundo,cuban,EPICURE No. 2,Pack of 3,CHF,70.80,614.24,921.36,3,307.12,https://siglomundo.ch/products/epicure-no-2
Siglo Mundo,cigarillos,Short Humidor - Year of the Horse,Box of 88,CHF,230.00,1995.41,2993.12,88,34.01,https://siglomundo.ch/products/short-humidor-year-of-the-horse
Siglo Mundo,BF,Wide Short,Pack of 6,CHF,22.00,190.87,286.30,6,47.72,https://siglomundo.ch/products/wide-short-1
Siglo Mundo,cuban,EDMUNDO - The Vault,Box of 25,CHF,900.00,7808.13,11712.20,25,468.49,https://siglomundo.ch/products/edmundo-the-vault
Siglo Mundo,cigarillos,CLUB Limited Edition,Pack of 60,CHF,82.00,711.41,1067.12,60,17.79,https://siglomundo.ch/products/club-limited-edition
Siglo Mundo,cuban,Cedros,single cigar,CHF,64.00,555.24,832.86,,,https://siglomundo.ch/products/cedros
Siglo Mundo,Punch,SparkCut Duo Punch Cutter,默认,CHF,67.44,585.09,877.64,,,https://siglomundo.ch/products/sparkcut-duo-punch-cutter
Siglo Mundo,cigarillos,CLUB Metal Box,Pack of 20,CHF,17.50,151.82,227.73,20,11.39,https://siglomundo.ch/products/club-metal-box-1
Siglo Mundo,cigarillos,CLUB Metal Box Limited Edition,Pack of 20,CHF,17.50,151.82,227.73,20,11.39,https://siglomundo.ch/products/club-metal-box-limited-edition
Siglo Mundo,Punch,Happy Torch Cigar Lighter Rubber Black with Cigar Punch,默认,CHF,6.68,57.95,86.92,,,https://siglomundo.ch/products/happy-torch-cigar-lighter-rubber-black-with-cigar-punch
Siglo Mundo,Punch,Cigar Punch,默认,CHF,15.44,133.95,200.92,,,https://siglomundo.ch/products/cigar-punch-silver-satin-with-2-blades
Siglo Mundo,Romeo y Julieta,Leather cigar case Romeo y Julieta 3 cigars,默认,CHF,104.00,902.27,1353.40,3,451.13,https://siglomundo.ch/products/leather-cigar-case-romeo-y-julieta-3-cigars
Siglo Mundo,Romeo y Julieta,Leather cigar case Romeo y Julieta,默认,CHF,96.00,832.87,1249.30,,,https://siglomundo.ch/products/leather-cigar-case-romeo-y-julieta
Siglo Mundo,H. Upmann,Leather cigar case H. UPMANN,默认,CHF,90.40,784.28,1176.42,,,https://siglomundo.ch/products/leather-cigar-case-h-upmann
Siglo Mundo,Hoyo de Monterrey,Leather cigar case HOYO DE MONTERREY,默认,CHF,104.00,902.27,1353.40,,,https://siglomundo.ch/products/leather-cigar-case-hoyo-de-monterrey
Siglo Mundo,Cohiba,Leather cigar case COHIBA,默认,CHF,96.00,832.87,1249.30,,,https://siglomundo.ch/products/leather-cigar-case-cohiba-copia
Siglo Mundo,Cohiba,Leather woven print cigar case COHIBA,默认,CHF,104.00,902.27,1353.40,,,https://siglomundo.ch/products/leather-cigar-case-cohiba
Siglo Mundo,Trinidad,Leather cigar case TRINIDAD,默认,CHF,90.40,784.28,1176.42,,,https://siglomundo.ch/products/leather-cigar-case-for-2-caribbean-cigars
Siglo Mundo,Punch,Firebird Punch Cutter,Red,CHF,16.00,138.81,208.22,,,https://siglomundo.ch/products/firebird-punch-cutter
Siglo Mundo,Punch,Firebird Punch Cutter,Black,CHF,16.00,138.81,208.22,,,https://siglomundo.ch/products/firebird-punch-cutter
Siglo Mundo,Punch,Firebird Punch Cutter,Blue,CHF,16.00,138.81,208.22,,,https://siglomundo.ch/products/firebird-punch-cutter
Siglo Mundo,Punch,Firebird Punch Cutter,Silver Matt,CHF,16.00,138.81,208.22,,,https://siglomundo.ch/products/firebird-punch-cutter
Siglo Mundo,Punch,Cigar Punch QUASAR,Red,CHF,44.24,383.81,575.72,,,https://siglomundo.ch/products/cigar-punch-quasar
Siglo Mundo,Punch,Cigar Punch QUASAR,Black,CHF,44.24,383.81,575.72,,,https://siglomundo.ch/products/cigar-punch-quasar
Siglo Mundo,Punch,Cigar Punch QUASAR,Charcoal,CHF,44.24,383.81,575.72,,,https://siglomundo.ch/products/cigar-punch-quasar
Siglo Mundo,Punch,Cigar Punch QUASAR,Silver,CHF,44.24,383.81,575.72,,,https://siglomundo.ch/products/cigar-punch-quasar
Siglo Mundo,BF,Wide Short,Pack of 6,CHF,23.40,203.01,304.52,6,50.75,https://siglomundo.ch/products/wide-short
Siglo Mundo,cigarillos,MINI,Pack of 20,CHF,16.50,143.15,214.72,20,10.74,https://siglomundo.ch/products/montecristo-open-mini
Siglo Mundo,cigarillos,CLUB,Pack of 20,CHF,20.50,177.85,266.78,20,13.34,https://siglomundo.ch/products/montecristo-open-club
Siglo Mundo,cigarillos,MINI,Pack of 20,CHF,13.90,120.59,180.88,20,9.04,https://siglomundo.ch/products/romeo-mini
Siglo Mundo,cigarillos,MINI,Pack of 20,CHF,15.00,130.14,195.21,20,9.76,https://siglomundo.ch/products/partagas-mini
Siglo Mundo,cigarillos,CLUB,Pack of 20,CHF,18.50,160.50,240.75,20,12.04,https://siglomundo.ch/products/partagas-club
Siglo Mundo,cigarillos,CLUB,Pack of 20,CHF,20.50,177.85,266.78,20,13.34,https://siglomundo.ch/products/montecristo-club
Siglo Mundo,cigarillos,MINI,Pack of 20,CHF,16.50,143.15,214.72,20,10.74,https://siglomundo.ch/products/montecristo-mini
Siglo Mundo,BF,Short,Pack of 10,CHF,15.30,132.74,199.11,10,19.91,https://siglomundo.ch/products/montecristo_short
Siglo Mundo,cigarillos,CLUB,Pack of 20,CHF,26.00,225.57,338.36,20,16.92,https://siglomundo.ch/products/cohiba-club
Siglo Mundo,cigarillos,Mini,Pack of 20,CHF,20.40,176.98,265.47,20,13.27,https://siglomundo.ch/products/cohiba-mini
Siglo Mundo,cigarillos,MINI WHITE,Pack of 20,CHF,20.40,176.98,265.47,20,13.27,https://siglomundo.ch/products/mini
Siglo Mundo,cigarillos,CLUB WHITE,Pack of 20,CHF,25.50,221.23,331.84,20,16.59,https://siglomundo.ch/products/cohiba-club-white
Siglo Mundo,cigarillos,Short Humidor - Year of the Dragon,Box of 88,CHF,218.80,1898.24,2847.36,88,32.36,https://siglomundo.ch/products/short-humidor-year-of-the-dragon-1
Siglo Mundo,cuban,Cabildos LE 2024,Single Cigar,CHF,108.00,936.98,1405.47,,,https://siglomundo.ch/products/cabildos-le-2024
Siglo Mundo,BF,Aristocrats,Box of 25,CHF,225.00,1952.03,2928.04,25,117.12,https://siglomundo.ch/products/partagas-aristocrats
Siglo Mundo,BF,Aristocrats,Single Cigar,CHF,9.00,78.08,117.12,,,https://siglomundo.ch/products/partagas-aristocrats
Siglo Mundo,cigars,Short Humidor Year of the Dragon,Humidor of 66,CHF,165.00,1431.49,2147.24,,,https://siglomundo.ch/products/short-humidor-year-of-the-dragon
Siglo Mundo,Hoyo de Monterrey,EPICURE No. 3,SLB of 25,CHF,635.00,5509.07,8263.60,,,https://siglomundo.ch/products/epicure-no-3
Siglo Mundo,extracuban,Serie V Melanio Figurado,Box of 10,CHF,168.00,1457.52,2186.28,10,218.63,https://siglomundo.ch/products/oliva-serie-v-melanio-figurado-10
Siglo Mundo,extracuban,Serie V Melanio Figurado,Single Cigar,CHF,21.10,183.06,274.59,,,https://siglomundo.ch/products/oliva-serie-v-melanio-figurado-10
Siglo Mundo,extracuban,Serie V Melanio Double Toro,Box of 10,CHF,168.00,1457.52,2186.28,10,218.63,https://siglomundo.ch/products/oliva-serie-v-melanio-double-toro-10
Siglo Mundo,extracuban,Serie V Melanio Double Toro,Single Cigar,CHF,21.00,182.19,273.28,,,https://siglomundo.ch/products/oliva-serie-v-melanio-double-toro-10
Siglo Mundo,extracuban,Serie V Lanceros,Box of 24,CHF,211.20,1832.31,2748.46,24,114.52,https://siglomundo.ch/products/oliva-serie-v-lanceros-24
Siglo Mundo,extracuban,Serie V Lanceros,Single Cigar,CHF,11.00,95.43,143.14,,,https://siglomundo.ch/products/oliva-serie-v-lanceros-24
Siglo Mundo,extracuban,Serie V Double Robusto,Single cigar,CHF,11.50,99.77,149.66,,,https://siglomundo.ch/products/oliva-serie-v-double-robusto-24
Siglo Mundo,extracuban,Alma Fuerte Generacion V Salomon,Single Cigar,CHF,24.00,208.22,312.33,,,https://siglomundo.ch/products/plasencia-alma-fuerte-generacion-v-salomon-10
Siglo Mundo,cuban,Monterreyes No. 4 LE 2021,Box of 10,CHF,700.00,6072.99,9109.48,10,910.95,https://siglomundo.ch/products/hoyo-de-monterrey-monterreyes
Siglo Mundo,BF,Short,Pack of 10,CHF,18.10,157.03,235.54,10,23.55,https://siglomundo.ch/products/trinidad-short
Siglo Mundo,cuban,55 Anniversario LE 2021,Single Cigar,CHF,315.00,2732.85,4099.28,,,https://siglomundo.ch/products/copy-of-behike-56
Siglo Mundo,cuban,Cazadores A/F,Box of 25,CHF,489.00,4242.42,6363.63,25,254.55,https://siglomundo.ch/products/romeo-y-julieta-cazadores
Siglo Mundo,BF,Petit Royales,Box of 25,CHF,347.50,3014.81,4522.22,25,180.89,https://siglomundo.ch/products/romeo-y-julieta-petit-royales
Siglo Mundo,BF,Petit Royales,Pack of 3 AT,CHF,48.90,424.24,636.36,3,212.12,https://siglomundo.ch/products/romeo-y-julieta-petit-royales
Siglo Mundo,BF,Petit Royales,Single Cigar,CHF,13.90,120.59,180.88,,,https://siglomundo.ch/products/romeo-y-julieta-petit-royales
Siglo Mundo,BF,Shorts,SLB of 50,CHF,670.00,5812.72,8719.08,,,https://siglomundo.ch/products/partagas-shorts
Siglo Mundo,BF,Shorts,Single Cigar,CHF,13.00,112.78,169.17,,,https://siglomundo.ch/products/partagas-shorts
Siglo Mundo,BF,Mille Fleurs,Box of 25,CHF,257.50,2233.99,3350.98,25,134.04,https://siglomundo.ch/products/partagas-mille-fleurs
Siglo Mundo,BF,Mille Fleurs,Single Cigar,CHF,10.00,86.76,130.14,,,https://siglomundo.ch/products/partagas-mille-fleurs
Siglo Mundo,BF,PETIT ROBUSTOS,SLB of 25,CHF,505.00,4381.23,6571.84,,,https://siglomundo.ch/products/hoyo-de-monterrey-petit-robustos
Siglo Mundo,BF,PETIT ROBUSTOS,Pack of 3,CHF,60.60,525.75,788.62,3,262.87,https://siglomundo.ch/products/hoyo-de-monterrey-petit-robustos
Siglo Mundo,BF,PETIT ROBUSTOS,Single Cigar,CHF,19.60,170.04,255.06,,,https://siglomundo.ch/products/hoyo-de-monterrey-petit-robustos
Siglo Mundo,Hoyo,LE HOYO DE SAN JUAN,SLB of 10,CHF,291.00,2524.63,3786.94,,,https://siglomundo.ch/products/hoyo-de-monterrey-le-hoyo-de-san-juan
Siglo Mundo,Hoyo,LE HOYO DE SAN JUAN,Pack of 3 AT,CHF,96.00,832.87,1249.30,3,416.43,https://siglomundo.ch/products/hoyo-de-monterrey-le-hoyo-de-san-juan
Siglo Mundo,Hoyo,LE HOYO DE RIO SECO,SLB of 10,CHF,294.00,2550.66,3825.99,,,https://siglomundo.ch/products/hoyo-de-monterrey-le-hoyo-de-rio-seco
Siglo Mundo,BF,EPICURE ESPECIAL,Pack of 3 AT,CHF,87.00,754.79,1132.18,3,377.39,https://siglomundo.ch/products/hoyo-de-monterrey-epicure-especial
Siglo Mundo,BF,Petit Churchills,Box of 25,CHF,497.50,4316.16,6474.24,25,258.97,https://siglomundo.ch/products/romeo-y-julieta-petit-churcills
Siglo Mundo,BF,Petit Churchills,Pack of 3 AT,CHF,70.20,609.03,913.54,3,304.51,https://siglomundo.ch/products/romeo-y-julieta-petit-churcills
Siglo Mundo,BF,Petit Churchills,Single Cigar,CHF,19.30,167.44,251.16,,,https://siglomundo.ch/products/romeo-y-julieta-petit-churcills
Siglo Mundo,cuban,La Trova LCDH EDT,Single Cigar,CHF,86.00,746.11,1119.16,,,https://siglomundo.ch/products/trinidad-la-trova
Siglo Mundo,cuban,Belicosos,Box of 25,CHF,652.50,5660.89,8491.34,25,339.65,https://siglomundo.ch/products/romeo-y-julieta-belicosos
Siglo Mundo,cuban,Belicosos,Single Cigar,CHF,25.30,219.50,329.25,,,https://siglomundo.ch/products/romeo-y-julieta-belicosos
Siglo Mundo,BF,Romeo No. 1,Box of 25 AT,CHF,382.50,3318.46,4977.69,25,199.11,https://siglomundo.ch/products/romeo-y-julieta-romeo-no-1
Siglo Mundo,BF,Romeo No. 1,Box of 10 AT,CHF,153.00,1327.38,1991.07,10,199.11,https://siglomundo.ch/products/romeo-y-julieta-romeo-no-1
Siglo Mundo,BF,Romeo No. 1,Pack of 3 AT,CHF,44.70,387.80,581.70,3,193.90,https://siglomundo.ch/products/romeo-y-julieta-romeo-no-1
Siglo Mundo,BF,Vigia,Box of 12,CHF,648.00,5621.85,8432.78,12,702.73,https://siglomundo.ch/products/trinidad-vigia
Siglo Mundo,BF,Vigia,Pack of 3 AT,CHF,172.80,1499.16,2248.74,3,749.58,https://siglomundo.ch/products/trinidad-vigia
Siglo Mundo,BF,Topes,Box of 12,CHF,804.00,6975.26,10462.89,12,871.91,https://siglomundo.ch/products/trinidad-topes
Siglo Mundo,BF,Topes,Single Cigar,CHF,67.00,581.27,871.90,,,https://siglomundo.ch/products/trinidad-topes
Siglo Mundo,BF,Reyes,Box of 24,CHF,825.60,7162.66,10743.99,24,447.67,https://siglomundo.ch/products/trinidad-reyes
Siglo Mundo,BF,Reyes,Box of 12,CHF,412.80,3581.33,5372.00,12,447.67,https://siglomundo.ch/products/trinidad-reyes
Siglo Mundo,BF,Media Luna,Box of 12,CHF,562.80,4882.68,7324.02,12,610.34,https://siglomundo.ch/products/trinidad-media-luna
Siglo Mundo,BF,Media Luna,Single Cigar,CHF,46.90,406.89,610.34,,,https://siglomundo.ch/products/trinidad-media-luna
Siglo Mundo,cuban,Esmeralda,Box of 12,CHF,814.80,7068.96,10603.44,12,883.62,https://siglomundo.ch/products/trinidad-esmeralda
Siglo Mundo,cuban,Esmeralda,Single Cigar,CHF,67.90,589.08,883.62,,,https://siglomundo.ch/products/trinidad-esmeralda
Siglo Mundo,BF,Linea de oro Nobles,Single Cigar,CHF,59.60,517.07,775.60,,,https://siglomundo.ch/products/romeo-y-julieta-nobles
Siglo Mundo,BF,Linea de oro Dianas,Single Cigar,CHF,63.30,549.17,823.76,,,https://siglomundo.ch/products/romeo-y-julieta-dianas
Siglo Mundo,cuban,Wide Churchills,Box of 25,CHF,680.00,5899.48,8849.22,25,353.97,https://siglomundo.ch/products/romeo-y-julieta-wide-churchills
Siglo Mundo,BF,Short Churchills,Box of 25,CHF,637.50,5530.76,8296.14,25,331.85,https://siglomundo.ch/products/romeo-y-julieta-short-churchills
Siglo Mundo,BF,Short Churchills,Box of 10,CHF,255.00,2212.30,3318.45,10,331.84,https://siglomundo.ch/products/romeo-y-julieta-short-churchills
Siglo Mundo,BF,Short Churchills,Pack of 3 AT,CHF,88.20,765.20,1147.80,3,382.60,https://siglomundo.ch/products/romeo-y-julieta-short-churchills
Siglo Mundo,BF,Short Churchills,Single Cigar AT,CHF,29.40,255.07,382.60,,,https://siglomundo.ch/products/romeo-y-julieta-short-churchills
Siglo Mundo,cuban,Churchills,Pack of 3 AT,CHF,124.80,1082.73,1624.10,3,541.37,https://siglomundo.ch/products/romeo-y-julieta-churchills
Siglo Mundo,BF,Regalias de Londres,Box of 25,CHF,220.00,1908.65,2862.98,25,114.52,https://siglomundo.ch/products/romeo-y-julieta-regalis-de-londres
Siglo Mundo,BF,Regalias de Londres,Single Cigar,CHF,8.50,73.74,110.61,,,https://siglomundo.ch/products/romeo-y-julieta-regalis-de-londres
Siglo Mundo,BF,Romeo No. 3,Box of 25 AT,CHF,270.00,2342.44,3513.66,25,140.55,https://siglomundo.ch/products/romeo-y-julieta-romeo-no-3
Siglo Mundo,BF,Romeo No. 3,Pack of 3 AT,CHF,33.30,288.90,433.35,3,144.45,https://siglomundo.ch/products/romeo-y-julieta-romeo-no-3
Siglo Mundo,BF,Romeo No. 2,Box of 10 AT,CHF,121.00,1049.76,1574.64,10,157.46,https://siglomundo.ch/products/romeo-y-julieta-romeo-no-2
Siglo Mundo,BF,Romeo No. 2,Pack of 5 AT,CHF,58.50,507.53,761.30,5,152.26,https://siglomundo.ch/products/romeo-y-julieta-romeo-no-2
Siglo Mundo,BF,Mille Fleurs,Box of 25,CHF,257.50,2233.99,3350.98,25,134.04,https://siglomundo.ch/products/romeo-y-julieta-mille-fleurs
Siglo Mundo,BF,Mille Fleurs,Box of 10,CHF,103.00,893.60,1340.40,10,134.04,https://siglomundo.ch/products/romeo-y-julieta-mille-fleurs
Siglo Mundo,BF,Mille Fleurs,Single Cigar,CHF,10.30,89.36,134.04,,,https://siglomundo.ch/products/romeo-y-julieta-mille-fleurs
Siglo Mundo,cuban,Exhibicion No. 4,Box of 25,CHF,527.50,4576.43,6864.64,25,274.59,https://siglomundo.ch/products/romeo-y-julieta-exhibicion-no-4
Siglo Mundo,BF,Cedros de Luxe No. 3,Box of 25,CHF,390.00,3383.52,5075.28,25,203.01,https://siglomundo.ch/products/romeo-y-julieta-cedros-de-luxe-no-3
Siglo Mundo,cuban,Cedros de Luxe No. 2 - Vintage cigars,Single Cigar,CHF,19.00,164.84,247.26,,,https://siglomundo.ch/products/romeo-y-julieta-cedros-de-luxe-no-2
Siglo Mundo,Punch,Short de Punch,Box of 10,CHF,183.00,1587.65,2381.48,10,238.15,https://siglomundo.ch/products/punch-short-de-punch
Siglo Mundo,Punch,PUNCH,Box of 25,CHF,542.50,4706.57,7059.86,25,282.39,https://siglomundo.ch/products/punch-punch
Siglo Mundo,cuban,SERIE P No. 2,Pack of 3 AT,CHF,100.20,869.31,1303.96,3,434.65,https://siglomundo.ch/products/partagas-serie-p-no-2
Siglo Mundo,cuban,SERIE P No. 2,Single Cigar,CHF,30.60,265.48,398.22,,,https://siglomundo.ch/products/partagas-serie-p-no-2
Siglo Mundo,BF,SERIE D No. 6,Box of 20,CHF,350.00,3036.50,4554.75,20,227.74,https://siglomundo.ch/products/partagas-serie-d-no-6
Siglo Mundo,BF,SERIE D No. 6,Box of 5,CHF,85.00,737.43,1106.14,5,221.23,https://siglomundo.ch/products/partagas-serie-d-no-6
Siglo Mundo,BF,SERIE D No. 5,Box of 25,CHF,545.00,4728.26,7092.39,25,283.70,https://siglomundo.ch/products/partagas-serie-d-no-5
Siglo Mundo,BF,SERIE D No. 5,Box of 10,CHF,218.00,1891.30,2836.95,10,283.70,https://siglomundo.ch/products/partagas-serie-d-no-5
Siglo Mundo,BF,Serie D No. 4,Box of 25,CHF,652.50,5660.89,8491.34,25,339.65,https://siglomundo.ch/products/partagas-serie-d-no-4
Siglo Mundo,BF,Serie D No. 4,Pack of 3 AT,CHF,88.20,765.20,1147.80,3,382.60,https://siglomundo.ch/products/partagas-serie-d-no-4
Siglo Mundo,BF,Serie D No. 4,Single Cigar,CHF,26.10,226.44,339.66,,,https://siglomundo.ch/products/partagas-serie-d-no-4
Siglo Mundo,BF,LINEA 1935 DUMAS,Single Cigar,CHF,52.30,453.74,680.61,,,https://siglomundo.ch/products/montecristo-dumas
Siglo Mundo,BF,OPEN REGATA,Pack of 3 AT,CHF,68.10,590.82,886.23,3,295.41,https://siglomundo.ch/products/montecristo-open-regata
Siglo Mundo,BF,OPEN REGATA,Single Cigar,CHF,19.40,168.31,252.46,,,https://siglomundo.ch/products/montecristo-open-regata
Siglo Mundo,BF,OPEN MASTER,Box of 20,CHF,476.00,4129.63,6194.44,20,309.72,https://siglomundo.ch/products/montecristo-open-master
Siglo Mundo,BF,OPEN MASTER,Pack of 3 AT,CHF,81.90,710.54,1065.81,3,355.27,https://siglomundo.ch/products/montecristo-open-master
Siglo Mundo,BF,OPEN MASTER,Single Cigar,CHF,23.10,200.41,300.62,,,https://siglomundo.ch/products/montecristo-open-master
Siglo Mundo,BF,OPEN MASTER,Single Cigar AT,CHF,27.30,236.85,355.28,,,https://siglomundo.ch/products/montecristo-open-master
Siglo Mundo,BF,OPEN JUNIOR,Box of 20,CHF,298.00,2585.36,3878.04,20,193.90,https://siglomundo.ch/products/montecristo-open-junior
Siglo Mundo,BF,OPEN JUNIOR,Pack of 3 AT,CHF,53.10,460.68,691.02,3,230.34,https://siglomundo.ch/products/montecristo-open-junior
Siglo Mundo,BF,OPEN JUNIOR,Single Cigar,CHF,14.50,125.80,188.70,,,https://siglomundo.ch/products/montecristo-open-junior
Siglo Mundo,cuban,OPEN EAGLE,Pack of 3 AT,CHF,102.60,890.13,1335.20,3,445.07,https://siglomundo.ch/products/montecristo-open-eagle
Siglo Mundo,BF,PETIT EDMUNDO,Box of 25,CHF,630.00,5465.69,8198.54,25,327.94,https://siglomundo.ch/products/montecristo-petit-edmundo
Siglo Mundo,BF,PETIT EDMUNDO,Single Cigar,CHF,24.50,212.55,318.82,,,https://siglomundo.ch/products/montecristo-petit-edmundo
Siglo Mundo,cuban,EDMUNDO,Box of 25,CHF,707.50,6138.06,9207.09,25,368.28,https://siglomundo.ch/products/montecristo-edmundo
Siglo Mundo,cuban,EDMUNDO,Pack of 3,CHF,84.90,736.57,1104.86,3,368.29,https://siglomundo.ch/products/montecristo-edmundo
Siglo Mundo,cuban,EDMUNDO,Pack of 3 AT,CHF,97.20,843.28,1264.92,3,421.64,https://siglomundo.ch/products/montecristo-edmundo
Siglo Mundo,cuban,EDMUNDO,Single Cigar AT,CHF,32.40,281.09,421.64,,,https://siglomundo.ch/products/montecristo-edmundo
Siglo Mundo,cuban,DOUBLE EDMUNDO,Single Cigar,CHF,33.20,288.03,432.04,,,https://siglomundo.ch/products/montecristo-double-edmundo
Siglo Mundo,BF,PETIT TUBOS,Box of 25 AT,CHF,507.50,4402.92,6604.38,25,264.18,https://siglomundo.ch/products/montecristo-petit-tubos
Siglo Mundo,BF,PETIT No. 2,Box of 10,CHF,232.00,2012.76,3019.14,10,301.91,https://siglomundo.ch/products/montecristo-petit-no-2
Siglo Mundo,BF,PETIT No. 2,Pack of 3 AT,CHF,78.00,676.70,1015.05,3,338.35,https://siglomundo.ch/products/montecristo-petit-no-2
Siglo Mundo,BF,PETIT No. 2,Single Cigar,CHF,22.50,195.20,292.80,,,https://siglomundo.ch/products/montecristo-petit-no-2
Siglo Mundo,BF,No. 5,Box of 25,CHF,315.00,2732.85,4099.28,25,163.97,https://siglomundo.ch/products/montecristo-no-5
Siglo Mundo,BF,No. 5,Pack of 5,CHF,65.00,563.92,845.88,5,169.18,https://siglomundo.ch/products/montecristo-no-5
Siglo Mundo,BF,No. 5,Single Cigar,CHF,12.60,109.31,163.96,,,https://siglomundo.ch/products/montecristo-no-5
Siglo Mundo,BF,No. 4,Pack of 3,CHF,50.40,437.26,655.89,3,218.63,https://siglomundo.ch/products/montecristo-no-4
Siglo Mundo,BF,No. 4,Single Cigar,CHF,16.30,141.41,212.12,,,https://siglomundo.ch/products/montecristo-no-4
Siglo Mundo,BF,No. 3,Box of 25,CHF,560.00,4858.39,7287.58,25,291.50,https://siglomundo.ch/products/montecristo-no-3
Siglo Mundo,BF,No. 3,Pack of 5,CHF,112.00,971.68,1457.52,5,291.50,https://siglomundo.ch/products/montecristo-no-3
Siglo Mundo,BF,No. 3,Single Cigar,CHF,21.70,188.26,282.39,,,https://siglomundo.ch/products/montecristo-no-3
Siglo Mundo,BF,No. 2,Box of 25,CHF,757.50,6571.84,9857.76,25,394.31,https://siglomundo.ch/products/montecristo-no-2
Siglo Mundo,BF,No. 2,Box of 10,CHF,303.00,2628.74,3943.11,10,394.31,https://siglomundo.ch/products/montecristo-no-2
Siglo Mundo,BF,No. 2,Pack of 3,CHF,90.90,788.62,1182.93,3,394.31,https://siglomundo.ch/products/montecristo-no-2
Siglo Mundo,BF,MEDIA CORONA,Box of 25,CHF,267.50,2320.75,3481.12,25,139.24,https://siglomundo.ch/products/montecristo-media-corona
Siglo Mundo,BF,MEDIA CORONA,Pack of 5,CHF,66.50,576.93,865.40,5,173.08,https://siglomundo.ch/products/montecristo-media-corona
Siglo Mundo,BF,MEDIA CORONA,Single Cigar,CHF,13.30,115.39,173.08,,,https://siglomundo.ch/products/montecristo-media-corona
Siglo Mundo,BF,JOYITAS,Single Cigar,CHF,12.30,106.71,160.06,,,https://siglomundo.ch/products/montecristo-joytas
Siglo Mundo,cuban,MADURO 5 MÁGICOS,Box of 10,CHF,845.00,7330.97,10996.46,10,1099.65,https://siglomundo.ch/products/cohiba-maduro-5-magicos
Siglo Mundo,BF,ROBUSTOS,Pack of 3,CHF,240.00,2082.17,3123.26,3,1041.09,https://siglomundo.ch/products/cohiba-robustos
Siglo Mundo,BF,ROBUSTOS,Pack of 3 AT,CHF,252.00,2186.28,3279.42,3,1093.14,https://siglomundo.ch/products/cohiba-robustos
Siglo Mundo,BF,PANETELAS,Box of 25,CHF,810.00,7027.32,10540.98,25,421.64,https://siglomundo.ch/products/cohiba-panetelas
Siglo Mundo,BF,PANETELAS,Pack of 5,CHF,162.00,1405.46,2108.19,5,421.64,https://siglomundo.ch/products/cohiba-panetelas
Siglo Mundo,BF,MEDIO SIGLO,Pack of 3 AT,CHF,217.20,1884.36,2826.54,3,942.18,https://siglomundo.ch/products/cohiba-medio-siglo
Siglo Mundo,BF,EXQUISITOS,Cardbox of 5,CHF,196.50,1704.78,2557.17,,,https://siglomundo.ch/products/cohiba-exquisitos
Siglo Mundo,cuban,ESPLENDIDOS,Pack of 3,CHF,396.00,3435.58,5153.37,3,1717.79,https://siglomundo.ch/products/cohiba-esplendidos
Siglo Mundo,cuban,Siglo VI,Pack of 3 AT,CHF,348.90,3026.95,4540.42,3,1513.47,https://siglomundo.ch/products/cohiba-siglo-vi
Siglo Mundo,cuban,Siglo IV,Pack of 5,CHF,312.50,2711.16,4066.74,5,813.35,https://siglomundo.ch/products/cohiba-siglo-lv
Siglo Mundo,cuban,Siglo IV,Single Cigar AT,CHF,65.40,567.39,851.08,,,https://siglomundo.ch/products/cohiba-siglo-lv
Siglo Mundo,BF,Siglo III,Pack of 5,CHF,281.50,2442.21,3663.32,5,732.66,https://siglomundo.ch/products/cohiba-siglo-ill
Siglo Mundo,BF,Siglo III,Pack of 3 AT,CHF,178.50,1548.61,2322.92,3,774.31,https://siglomundo.ch/products/cohiba-siglo-ill
Siglo Mundo,BF,Siglo III,Single Cigar,CHF,56.30,488.44,732.66,,,https://siglomundo.ch/products/cohiba-siglo-ill
Siglo Mundo,BF,Siglo II,Pack of 5,CHF,203.00,1761.17,2641.76,5,528.35,https://siglomundo.ch/products/cohiba-siglo-ll
Siglo Mundo,BF,Siglo II,Single Cigar,CHF,40.60,352.23,528.34,,,https://siglomundo.ch/products/cohiba-siglo-ll
Siglo Mundo,BF,Siglo II,Single Cigar AT,CHF,44.00,381.73,572.60,,,https://siglomundo.ch/products/cohiba-siglo-ll
Siglo Mundo,BF,Siglo  I,SLB of 25,CHF,872.50,7569.55,11354.32,,,https://siglomundo.ch/products/cohiba-siglo-i
Siglo Mundo,BF,Siglo  I,Pack of 5,CHF,174.50,1513.91,2270.86,5,454.17,https://siglomundo.ch/products/cohiba-siglo-i
Siglo Mundo,BF,Siglo  I,Pack of 3 AT,CHF,114.00,989.03,1483.54,3,494.51,https://siglomundo.ch/products/cohiba-siglo-i
Siglo Mundo,BF,Siglo  I,Single Cigar,CHF,34.90,302.78,454.17,,,https://siglomundo.ch/products/cohiba-siglo-i
